Names,Categories
Web Unblocker Quick Start Guide,Tutorials
Top AntiDetect Browsers of 2023,Data acquisition
Oxylabs Webinar: Large-Scale Web Scraping - Never Get Blocked Again,News
How Does a Proxy Server Improve Security,Proxies
What is Browser Automation? Definition and Examples,
Scraping Experts: Making the Right Move  with Real Estate Monitoring,News
Oxylabs Recognized with the 2022 Baltic Sustainability Award,News
What Is an Anonymous Proxy?,Proxies
Introducing Real Estate Scraper API: Gather Property Data at Scale,News
Real Estate Scraper API Quick Start Guide,Tutorials
Oxylabs AI-driven Solution Listed as Baltic Sustainability Awards Finalist,News
What Is a Distorting Proxy & How Does It Work?,Proxies
Scraping Experts: SEO Monitoring for a Thriving Business,News
Guide to Scraping Data from Websites to Excel with Web Query,Tutorials
Guide to Using Google Sheets for Basic Web Scraping,Tutorials
Guide to Extracting Website Data by Using Excel VBA,Tutorials
What is a Transparent Proxy & How is It Used?,Proxies
Web Scraping With PowerShell: The Ultimate Guide,Tutorials
What Is an ETL Pipeline?,Tutorials
